이름,검색량
포스파티딜세린,54370
포스타딜세린,1520
포스타디딜세린,10670
포스파티딜콜린,1890
포스파디딜세린,2670
포스파티딜세린추천,1570
뇌영양제,16100
뇌영양제추천,4550
치매예방영양제,4500
포스파티딜세린효능,12220
포스파티딜세린징코,680
포스파티딜세린분말,3440
포스파티딜세린(의약품병용섭취시주의사항),160
두뇌영양제,2010
뇌건강영양제,2400
레시틴,13220
포스트파티딜세린,420
포스타티딜세린,160
두뇌엔닥터PS70,3240
기억력영양제,4570
포스파티딜세린플러스,30
뇌영양제포스파티딜세린,60
하이큐포스파티딜세린징코1200,90
포스파티세린,310
PHOSPHATIDYLSERINE,550
포스파트딜세린,110
포스파티딜세린PS,30
뇌혈관영양제,840
징코빌로바,5280
포스파티딜,1330
포스파티딜세린징코브레인,20
포스파스딜세린,640
포스타티디셀린,30
치매포스파티딜세린,30
포스파티셀린,110
NZ오리진,200
포스파티릴세린,90
포스파티딜세린액상,20
NZORIGIN,680
엣젠오리진,160
치매영양제,1520
뇌에좋은영양제,1880
집중력높이는영양제,20
NZOMALL,0
포스파티딜세린300MG,60
포스파티딜세린아연,0
포스파티딜세린식약처인증,10
포스파티딜세린식약처,20
포스파티딜세린복용법,60
포스파티딜세린가루,330
포스파티딜세린ADHD,30
포스파티딜세린캡슐,10
포스파티딜세린영양제,30
솔가포스파티딜세린,70
두뇌엔닥터PS,60
두뇌만사성피에스,180
치매건강식품,50
치매에좋은영양제,940
하이퍼브레인,450
뇌혈액순환,600
뇌건강을살리는계절음식,70
뇌기능영양제,180
두뇌,1010
머리혈액순환,700
PS영양제,20
닥터PS70,250
치매건강기능식품,0
머리에좋은약,60
뉴트리원뇌영양제,50
뉴트리원브레인알파,320
두뇌에좋은영양제,30
두뇌에좋은음식,280
두뇌엔,190
기억력강화,50
기억력에좋은약,50
PS,24830
두뇌영양제추천,30
뉴트리원포스파티딜세린,170
닥터PS,70
뇌기억력,50
두뇌엔닥터,80
기억력영양제추천,20
기억력증진,100
PS제품,10
브레인알파,370
메모리팩,10
뉴케어포스파티딜세린,0
뉴케어메모리,20
포스파티딜세린음료,0
기억력건강기능식품,0
뉴케어메모리수,1280
기억력개선제,50
메모리수,330
대상뉴케어메모리수,10
콜린영양제,230
브레인알파피에스,1420
치매예방음식,1090
수험생간식,1560
기억력개선영양제,100
뇌건강,800
공부영양제,200
기억력에좋은음식,890
GINKGO,1190
두뇌건강,120
기억력좋아지는법,3270
청소년뇌영양제,180
인지질,2900
뇌영양제처방,1640
진큐피에스,30
기억력개선,340
하이큐징코,40
피에스큐,0
뇌건강식품,60
수험생뇌영양제,150
기억력향상,240
뇌혈관에좋은약,60
기억력향상영양제,20
인지력개선,40
토코페놀,460
수험생두뇌영양제,20
대두레시틴,1110
치매예방건강식품,30
뇌비타민,80
전뇌학습법,90
집중력높이는차,20
집중력향상약,60
머리에좋은,0
브레인맵,350
뇌훈련,300
기억력감퇴약,20
기억력개선약,10
브레인트레이너,930
뇌건강약,50
기억력에좋은영양제,70
머리에좋은영양제,120
어린이뇌영양제,40
뉴트리코어뇌영양제,60
두뇌건강영양제,20
뇌영양제주사,150
치매예방뇌영양제,60
알츠하이머영양제,10
기억력감퇴영양제,60
기억력약,80
기억력개선건강기능식품,10
기억력,5000
뇌기능개선,30
치매식품,30
PS브레인플러스,0
은행잎,3610
뇌에좋은음식,2920
치매예방,9050
수험생기억력영양제,20
치매예방에좋은음식,270
BIOVIOM,40
서울대바이오비옴,60
초기치매증상,1830
다리붓기빼기,1020
건망증,7960
마인드폴포뮬러,40
프리미엄마인드폴포뮬러,970
마인드폴,200
서울대유산균,80
은행잎추출물영양제,80
서울대영양제,10
이너이뮨,10
청소년두뇌영양제,20
정액량감소,450
콜레스톨,1250
라이프에버,0
레시친프리미엄,20
나우푸드레시틴,450
레시틴과립,40
레시틴프리미엄,10
바이오레시틴,650
수산화나트륨,8980
아세틸콜린,4310
계란노른자기름,60
해바라기레시틴,550
레시틴가루,140
은행잎추출물추천,40
종근당뇌영양제,960
레시친,100
은행추출물,1050
치매에좋은음식,3000
레시틴1200,50
피지움,1200
징코,4110
브레인영양제,40
닥터세리티,640
징코빌리프,180
머리좋아지는영양제,30
암웨이레시틴,370
인지질영양제,50
수험생,3270
치매좋은음식,560
은행잎추출물기억력,10
네이처맥스징코,0
바이오비옴,910
GINKGOBILOBA,620
레시틴효능,4540
레시틴추천,490
정액감소증,130
징코플러스,2850
집중력영양제,2420
공부간식,410
은행잎효능,650
공시생영양제,90
은행잎구매,10
LECITHIN,890
청소년집중력,20
수능영양제,140
천연향신료,70
얼굴붓기영양제,90
어린이두뇌영양제,20
황달에좋은음식,1030
브레인레시틴,190
셀스,400
닥터볼츠,80
뇌혈관청소부,150
고투콜라,1780
오리알기름,20
정액보충제,40
학생선물,490
라이프익스텐션레시틴,920
오리난황유,10
동맥경화예방,220
뇌혈관건강,40
풍증상,4190
계란기름,270
시험합격선물,920
난황레시틴,350
FUTURO,440
리커버리크림,2220
가그린추천,580
AND혈압계,270
임팩트민트,860
일본핫팩,100
오떼르말,380
혈관청소주사,1870
공시생선물,650
반테린코와,1240
여고생생일선물,500
시험선물,1370
삼부콜,330
참당귀추출분말,50
스트레스성공황장애,9190
다리붓기,4370
혈류개선제,540
수험생집중력영양제,60
고3선물,870
뇌출혈전조증상,12850
수험생약,90
고등학생선물,1730
집중력높이는법,6590
은행잎추출물,7080
혈액순환에좋은영양제,140
우울증에좋은음식,1830
수능선물추천,140
고3피로회복제,60
시험기간영양제,20
은행잎영양제,80
김남주통,70
기억력보조제,10
정맥순환개선제,5120
콜린이노시톨,22100
김남주바이오통,110
고등학생종합비타민,160
집중력강화,90
플라보놀배당체,640
중고등학생영양제,40
다리혈액순환,6310
만성피로,11210
60대영양제,2110
은행잎차,470
중고생영양제,50
은행잎판매,20
뇌경색에좋은,30
중풍전조증상,3240
할머니영양제,440
뇌혈관에좋은음식,1700
뇌경색에좋은음식,5790
오리난황유정,80
징코피크노제놀부스터,560
풍에좋은음식,550
은행잎추출물분말,30
발렌타인데이초콜릿,110
파킨슨음식,130
파킨스병,3790
어르신프로그램,640
노인미술치료프로그램,40
90세생신선물,80
수족냉증영양제,520
뇌경색좋은음식,550
닥터코큐텐,220
협심증에좋은음식,730
동맥경화치료제,60
중풍에좋은음식,180
뇌졸증에좋은음식,370
뇌출혈에좋은음식,880
추석,834800
손차가움,80
노인영양제,1680
부정맥에좋은음식,4840
뇌경색에좋은약,50
반테린,1240
두통에좋은음식,3040
은행효능,7230
다리혈액순환약,1470
뇌경색에좋은약초,30
혈행,2110
자폐증치료제,170
혈압조절,310
조현병약,1820
압란정,40
중학생면역력,30
관상동맥질환,3300
전두엽치매,1250
도파민처방,30
치매게임,320
치매단백질,160
치매비타민,30
치매센터,1270
치매수명,330
치매약종류,730
치매예방체조,460
치매완치약,20
치매요양보호사,850
치매원인,2030
치매진단병원,1180
치매진단키트,180
치매혈액검사,210
뇌약,140
전두측두엽치매,1220
골든실크홍잠,60
하지정맥류영양제,560
머리영양제,4670
말초신경영양제,1330
심근경색에좋은음식,640
동맥경화에좋은음식,1080
수능선물,6060
합격녹용,10
고등학생녹용,10
케라틴,4650
어머니영양제,70
치매방지,200
익힌숙잠,0
수험생건강기능식품,0
황금알오리난황유정,40
고등학생홍삼,320
영양제싸게파는곳,20
영양제1위,10
건강한커피,140
수험생선물,2970
고3영양제,1120
알콜패치,90
조현병영양제,60
세라믹화병,670
중학생비타민D,70
고등학생멀티비타민,30
학생종합비타민,40
청소년필수영양제,40
학생피로회복제,30
홍잠,860
치매에좋은차,80
수능선물세트,110
수험생식단,1730
비타민D오메가3,580
부모님영양제,1560
뇌출혈좋은음식,360
커피대용,670
대학생영양제,110
중학생홍삼,400
누트로픽,640
합격기원선물,1450
고등학생영양제추천,230
청소년피로회복제,110
20대친구생일선물,1560
번아웃극복,3550
암기잘하는법,2310
스마트드러그,10
직원생일선물,120
사무직선물,240
여성활력,30
두뇌훈련,150
농협헬스케어,410
올인원케어,250
수능100일선물,5730
수험생멀티비타민,50
혈행개선,3140
고등학생종합영양제,40
잠안오는약,900
피로영양제,1190
구연산삼나트륨,930
중학생종합영양제,190
회사경품,80
남편생일선물,9900
위바이옴,1370
스테아린산마그네슘,2630
수험생녹용,60
하지불안증후군영양제,70
치질영양제,240
다리혈액순환제,360
혈전약,1250
혈전치료,930
다리쥐날때약,70
에너지환,10
남자친구선물,10180
직장상사생일선물,1090
혈행개선건강기능식품,0
혈액순환,9350
다리에쥐나는이유,800
직장동료생일선물,810
회사생일선물,320
수험생피로회복제,550
졸음방지,700
두통에좋은영양제,530
부정맥에좋은약,20
혈액순환개선제,4720
락토500키즈,440
하지정맥약,2110
마시는링겔,380
몸이무거워요,1600
남자모발영양제,10
L타이로신,280
고업액상글루타치온,1290
브레인푸드,190
대학생선물,1190
농협추석선물세트,200
간단한추석선물,180
혈관영양제,2100
혈액순환제,7210
20대남자선물,6600
어르신영양제,730
혈액개선제,380
이직선물,3170
DDS-1,40
발혈액순환,790
종아리근육경련,3210
하지정맥류치료제,20
디오스민가격,570
징코햇살,50
HDL콜레스테롤수치,7010
청소년성장기영양제,60
박카스D100병,660
글루콤온누리,40
구론산효과,1780
스트레스진단,110
20대남자생일선물,12510
두피영양제,6790
남자친구기념일선물,1420
노근즙,30
블루보넷,1000
일양약품전립선,680
혈관튼튼,360
덱스트린,8310
머리아플때,14680
혈액순환에좋은음식,7930
심부정맥혈전증,4500
홍잠효능,50
수험생영양제,11810
수험생건강식품,10
HX106,60
난황유,1030
수험생영양제추천,650
직장동료선물,1150
학생영양제,150
군인선물,3870
양극성정동장애,5670
수능생영양제,60
고3수험생영양제,360
3만원선물,970
취준생선물,660
공무원시험선물,220
고등학생영양제,2190
이노시톨여드름,1760
미오이노시톨MTHF,80
이노시톨비타민B,70
콜린이노시톨여드름,960
수능응원선물,910
피토틱스콜린이노시톨,4530
고3비타민,340
난유효능,1780
수능합격선물,100
낮은HDL콜레스테롤,2230
대치동수험생영양제,60
수험생집중력,70
고딩영양제,60
수험생비타민추천,60
심혈관에좋은음식,900
혈중콜레스테롤,670
무기력증극복,5630
청소년종합영양제,970
청소년영양제추천,600
천마추출물,30
청한농장,230
한국은행나무연구소,260
은행식초효능,1170
진정효과,150
살기싫다,1260
라이트테라피,800
허무,2260
천마영양제,20
정맥순환제,1350
수험생종합비타민,150
대표님생일선물,310
하지정맥치료제,20
고등학생비타민,760
이노시톨콜린,320
미오이노시톨엽산,90
마이오이노시톨,240
콜린이노시톨추천,140
활성엽산400,400
이노시톨다낭성,450
심뇌혈관질환,3940
혈행케어,30
콜린이노시톨남자,330
캡슐난유,120
난유캡슐,970
이노시톨남자,860
암웨이,114400
난유,2940
자궁에좋은음식,5740
오메가3크릴오일,150
황칠목,20
생리통에좋은영양제,330
이노시톨효능,16590
다낭성난소증후군이노시톨,570
남극크릴새우,70
퓨어크릴오일,30
레드크릴,20
크릴오일캡슐,10
초임계크릴오일,0
종근당크릴오일,20
크릴오일1000,60
크릴새우오메가3,60
콜린미오이노시톨,40
생리통패치,250
난소기능강화,400
고혈압민간요법,10
크릴오일58,90
이노시톨영양제,350
이노시톨비교,70
이노시톨라이프,30
나우푸드콜린이노시톨,1060
MYOINOSITOL,80
이노시톨추천,4770
INOSITOL,690
크릴,1680
이노시톨6인산,250
미오이노시톨활성형엽산,4090
크릴오메가3,40
콜린이노시톨4G,10
고혈압좋은음식,790
다낭성이노시톨,640
피를맑게하는약,150
생리통에좋은음식,5320
자궁영양제,2940
크릴새우오일,400
임산부이노시톨,760
당뇨혈압,430
다낭성난소증후군영양제,1430
미오이노시톨,12270
자궁에좋은영양제,2190
이노시톨임신,1260
솔라레이,610
남극크릴오일,140
완도황칠나무,0
크릴오일오메가3,600
KRILLOIL,210
이노시톨4G,200
남극새우,30
이노시톨엽산,970
생리불순영양제,1340
크릴새우,3370
다낭성난소이노시톨,30
솔잎액기스,280
추석세일,630
판톤텐산,2660
스위스리버디톡스,470
쏜리서치투퍼데이,5150
쏜리서치종합비타민,18950
재로우판토텐산,2930
임신준비이노시톨,610
중풍예방약,20
뇌졸증이란,5720
자연산천마주,60
뉴트원이노시톨,1070
혈관관리,440
사장님추석선물,50
난임영양제,670
약국이노시톨,310
난소기능저하영양제,190
크릴오일추천,420
생리영양제,500
크릴오일효능,4330
자궁내막영양제,70
캐롭추출물,20
난소낭종영양제,30
배란통영양제,80
이노시톨4000,360
난소영양제,440
제주황칠,50
여드름영양제,3620
자궁근종영양제,480
루티닛,10
박카스맛젤리,780
베러맨,220
GU에너지,30
어바틀오브네이처,20
타브카에너지드링크,10
ONNIT,0
강해져야할때,20
엽산남자,2530
해조류,6460
생리통비타민,170
비긴바이오이노시톨,220
추석선물세트홍삼,100
생리통영양제,880
비긴이노시톨,800
커클랜드,17190
당뇨약비용,60
국내산석류,20
참샘식품,0
고흥유자판매,0
석류꽃향,10
남편선물,2710
생리통완화차,420
뇌보,670
엘더베리효능,950
직장인선물,1530
천연엽산,280
노인건강,470
시니어,17330
생리전증후군영양제,700
직장상사선물,2180
자노탁트,950
신장안좋으면,15300
우울증에좋은영양제,630
뉴트리원이노시톨,270
이노시톨분말,60
임신준비선물,700
추석특가,470
ADHD영양제,680
4라이프,940
면역건강기능식품,10
오메가33000MG,70
타브카,510
과라나음료,990
30대남자생일선물,15270
월경영양제,10
수면보조식품,20
헤어영양제,2570
캐나다영양제,960
스피룰라,40
합격기원,2440
수능대박선물,20
수능응원,1340
트레서피오플러스,260
어른추석선물,260
리버토닉,90
팔순선물,3250
콜레스테롤조절,30
콜레스테롤낮추는법,590
혈관에좋은음식,14060
독일산이노시톨,10
혈관청소부,160
자궁건강영양제,40
혈당메이트,30
혈압내리는방법,100
60대남자생일선물,870
당뇨환자좋은음식,90
아토피에좋은차,490
고헬씨,450
스완슨,1780
탑브레인,430
얼리어비타,90
정원삼,2160
삼육오월,60
번쩍스틱,10
강하다왕선생,10
뉴트립맥스,400
더비랩,420
얼박,4890
파마젠,630
구론산스파클링,8340
퓨리탄프라이드,1700
왕선생,20
집중력연구소,160
공부할때먹는젤,100
뉴트리비타민,120
NUTRI,430
4LIFE,730
생맥진,80
퓨리탄,390
구에너지,30
잇베러,330
왓다다요,390
에터미헤모힘,40
온누리글루콤,220
바이오틱톡,60
나트롤,340
해피루엔자,80
닥터루트,600
리펩,20
마이올리,160
베러부스트,510
유한메디카,790
링티포커스카페인,230
뉴트리가든,520
뉴트립,350
마이알리,30
큐라에스리펩,80
워커스에너지,70
재로우포뮬러스,490
배러부스트,40
허벌랜드비타민,70
HERBALAND,40
허벌랜드구미,100
집중젤리,300
마인드밸런스,540
황풍정,380
에버그린영양제,10
닥터포휴먼,60
페디오엘티,260
큐어큐민,50
에너지티,450
옵티멈뉴트리션,2330
테라큐민,17050
넥스트바이랩,20
스포츠드링크,340
닥터머콜라,2170
