이름,검색량
포스파티딜세린,54370
포스타딜세린,1520
포스파티세린,310
포스파티딜,1330
포스파디딜세린,2670
포스파티딜세린추천,1570
뇌영양제,16100
뇌영양제추천,4550
치매예방영양제,4500
포스타티딜세린,160
포스파티딜세린징코,680
포스파티딜세린효능,12220
하이큐포스파티딜세린징코1200,90
PHOSPHATIDYLSERINE,550
뇌혈관영양제,840
포스파트딜세린,110
포스파티딜세린분말,3440
포스타디딜세린,10670
포스파티딜세린(의약품병용섭취시주의사항),160
포스파티딜세린플러스,30
뇌영양제포스파티딜세린,60
포스파스딜세린,640
포스파티딜세린PS,30
포스파티딜세린징코브레인,20
NZ오리진,200
포스타티디셀린,30
치매포스파티딜세린,30
포스파티셀린,110
포스파티릴세린,90
포스파티딜콜린,1890
NZORIGIN,680
두뇌영양제,2010
기억력영양제,4570
뇌건강영양제,2400
엣젠오리진,160
집중력높이는영양제,20
레시틴,13220
NZOMALL,0
수험생간식,1560
치매에좋은영양제,940
뉴케어메모리수,1280
포스파티딜세린액상,20
치매건강식품,50
뇌혈액순환,600
포스트파티딜세린,420
머리혈액순환,700
두뇌,1010
포스파티딜세린300MG,60
뇌건강을살리는계절음식,70
은행잎,3610
치매예방음식,1090
치매영양제,1520
뇌에좋은영양제,1880
추석,834800
뇌기능영양제,180
뇌혈관에좋은약,60
메모리팩,10
뉴케어메모리,20
뉴케어포스파티딜세린,0
포스파티딜세린음료,0
치매예방건강식품,30
메모리수,330
대상뉴케어메모리수,10
치매예방뇌영양제,60
뇌기능개선,30
PS브레인플러스,0
치매식품,30
셀스,400
닥터볼츠,80
두뇌엔닥터PS70,3240
PS영양제,20
진큐피에스,30
얼굴붓기영양제,90
닥터PS70,250
피에스큐,0
치매예방에좋은음식,270
하이큐징코,40
기억력에좋은약,50
두뇌에좋은영양제,30
뉴트리원뇌영양제,50
뉴트리원브레인알파,320
머리에좋은약,60
치매건강기능식품,0
두뇌에좋은음식,280
기억력강화,50
두뇌엔,190
두뇌영양제추천,30
PS,24830
삼부콜,330
뉴트리원포스파티딜세린,170
기억력영양제추천,20
기억력향상영양제,20
닥터PS,70
뇌기억력,50
두뇌엔닥터,80
포스파티딜세린영양제,30
포스파티딜세린캡슐,10
솔가포스파티딜세린,70
포스파티딜세린ADHD,30
포스파티딜세린가루,330
포스파티딜세린복용법,60
포스파티딜세린식약처,20
포스파티딜세린식약처인증,10
포스파티딜세린아연,0
두뇌만사성피에스,180
두뇌엔닥터PS,60
PS제품,10
하이퍼브레인,450
인지력개선,40
토코페놀,460
기억력증진,100
브레인알파,370
기억력개선제,50
기억력건강기능식품,0
브레인알파피에스,1420
뇌건강,800
뇌비타민,80
기억력개선영양제,100
집중력향상약,60
집중력높이는차,20
전뇌학습법,90
브레인트레이너,930
브레인맵,350
머리에좋은,0
뇌훈련,300
뇌건강약,50
기억력개선약,10
기억력감퇴약,20
기억력에좋은영양제,70
공부영양제,200
치매좋은음식,560
기억력에좋은음식,890
머리에좋은영양제,120
어린이뇌영양제,40
두뇌건강영양제,20
뇌영양제주사,150
뉴트리코어뇌영양제,60
알츠하이머영양제,10
두뇌건강,120
기억력감퇴영양제,60
기억력좋아지는법,3270
청소년뇌영양제,180
기억력약,80
기억력개선건강기능식품,10
기억력,5000
뇌영양제처방,1640
GINKGO,1190
뇌에좋은음식,2920
치매예방,9050
기억력개선,340
학생선물,490
수험생뇌영양제,150
시험합격선물,920
뇌건강식품,60
초기치매증상,1830
프리미엄마인드폴포뮬러,970
마인드폴포뮬러,40
건망증,7960
다리붓기빼기,1020
마인드폴,200
공시생선물,650
기억력향상,240
닥터코큐텐,220
여고생생일선물,500
시험선물,1370
참당귀추출분말,50
청소년두뇌영양제,20
종근당뇌영양제,960
수험생두뇌영양제,20
치매에좋은음식,3000
브레인영양제,40
머리좋아지는영양제,30
대두레시틴,1110
공부간식,410
집중력영양제,2420
공시생영양제,90
수능영양제,140
청소년집중력,20
어린이두뇌영양제,20
BIOVIOM,40
서울대바이오비옴,60
서울대유산균,80
수험생기억력영양제,20
이너이뮨,10
서울대영양제,10
스트레스성공황장애,9190
다리붓기,4370
수험생집중력영양제,60
은행잎추출물영양제,80
다리혈액순환약,1470
자폐증치료제,170
블루보넷,1000
징코,4110
은행잎추출물추천,40
고3선물,870
은행추출물,1050
뇌출혈전조증상,12850
집중력높이는법,6590
고등학생선물,1730
수험생약,90
은행잎추출물,7080
징코빌로바,5280
혈액순환에좋은영양제,140
나우푸드레시틴,450
아세틸콜린,4310
콜레스톨,1250
해바라기레시틴,550
계란노른자기름,60
정액량감소,450
라이프에버,0
레시친프리미엄,20
레시틴가루,140
레시틴과립,40
레시틴프리미엄,10
바이오레시틴,650
수산화나트륨,8980
우울증에좋은음식,1830
조현병약,1820
바이오비옴,910
레시친,100
네이처맥스징코,0
은행잎추출물기억력,10
수험생,3270
징코빌리프,180
닥터세리티,640
수능선물추천,140
피지움,1200
레시틴1200,50
GINKGOBILOBA,620
고3피로회복제,60
은행잎영양제,80
김남주통,70
기억력보조제,10
징코플러스,2850
정맥순환개선제,5120
시험기간영양제,20
김남주바이오통,110
고등학생종합비타민,160
은행잎효능,650
은행잎구매,10
집중력강화,90
플라보놀배당체,640
암웨이레시틴,370
다리혈액순환,6310
중학생면역력,30
치매게임,320
뇌약,140
치매비타민,30
치매센터,1270
치매수명,330
치매약종류,730
치매예방체조,460
치매완치약,20
치매요양보호사,850
치매원인,2030
치매진단병원,1180
치매진단키트,180
치매혈액검사,210
치매단백질,160
도파민처방,30
전두측두엽치매,1220
전두엽치매,1250
만성피로,11210
콜린영양제,230
정액감소증,130
중고등학생영양제,40
60대영양제,2110
골든실크홍잠,60
레시틴효능,4540
레시틴추천,490
중고생영양제,50
은행잎차,470
하지정맥류영양제,560
머리영양제,4670
말초신경영양제,1330
할머니영양제,440
은행잎판매,20
수능선물,6060
합격녹용,10
고등학생녹용,10
케라틴,4650
어머니영양제,70
징코피크노제놀부스터,560
치매방지,200
뇌혈관에좋은음식,1700
익힌숙잠,0
황달에좋은음식,1030
천연향신료,70
은행잎추출물분말,30
뇌혈관청소부,150
수험생건강기능식품,0
발렌타인데이초콜릿,110
고등학생홍삼,320
고투콜라,1780
브레인레시틴,190
수족냉증영양제,520
영양제싸게파는곳,20
영양제1위,10
파킨스병,3790
90세생신선물,80
어르신프로그램,640
노인미술치료프로그램,40
파킨슨음식,130
인지질영양제,50
정액보충제,40
건강한커피,140
뇌경색에좋은음식,5790
수험생선물,2970
고3영양제,1120
세라믹화병,670
알콜패치,90
조현병영양제,60
중학생비타민D,70
학생피로회복제,30
학생종합비타민,40
고등학생멀티비타민,30
청소년필수영양제,40
노인영양제,1680
손차가움,80
홍잠,860
치매에좋은차,80
수능선물세트,110
중풍에좋은음식,180
풍에좋은음식,550
리커버리크림,2220
오떼르말,380
임팩트민트,860
AND혈압계,270
FUTURO,440
가그린추천,580
일본핫팩,100
수험생식단,1730
라이프익스텐션레시틴,920
비타민D오메가3,580
혈관청소주사,1870
부모님영양제,1560
커피대용,670
LECITHIN,890
뇌출혈에좋은음식,880
대학생영양제,110
중학생홍삼,400
누트로픽,640
합격기원선물,1450
뇌경색에좋은약,50
동맥경화예방,220
뇌혈관건강,40
계란기름,270
풍증상,4190
고등학생영양제추천,230
청소년피로회복제,110
인지질,2900
암기잘하는법,2310
사무직선물,240
여성활력,30
두뇌훈련,150
직원생일선물,120
번아웃극복,3550
스마트드러그,10
20대친구생일선물,1560
농협헬스케어,410
오리난황유,10
반테린코와,1240
올인원케어,250
수능100일선물,5730
오리알기름,20
수험생멀티비타민,50
혈행개선,3140
고등학생종합영양제,40
잠안오는약,900
피로영양제,1190
구연산삼나트륨,930
중학생종합영양제,190
회사경품,80
남편생일선물,9900
위바이옴,1370
스테아린산마그네슘,2630
중풍전조증상,3240
뇌경색에좋은,30
수험생녹용,60
다리쥐날때약,70
혈전치료,930
치질영양제,240
하지불안증후군영양제,70
혈전약,1250
다리혈액순환제,360
에너지환,10
은행효능,7230
뇌경색좋은음식,550
남자친구선물,10180
직장상사생일선물,1090
난황레시틴,350
혈행개선건강기능식품,0
혈액순환,9350
다리에쥐나는이유,800
오리난황유정,80
뇌졸증에좋은음식,370
직장동료생일선물,810
회사생일선물,320
수험생피로회복제,550
졸음방지,700
두통에좋은영양제,530
부정맥에좋은약,20
협심증에좋은음식,730
혈류개선제,540
혈액순환개선제,4720
락토500키즈,440
하지정맥약,2110
마시는링겔,380
몸이무거워요,1600
남자모발영양제,10
L타이로신,280
부정맥에좋은음식,4840
고업액상글루타치온,1290
브레인푸드,190
대학생선물,1190
간단한추석선물,180
농협추석선물세트,200
혈관영양제,2100
혈액순환제,7210
20대남자선물,6600
혈행,2110
어르신영양제,730
동맥경화치료제,60
혈액개선제,380
이직선물,3170
DDS-1,40
두통에좋은음식,3040
HDL콜레스테롤수치,7010
종아리근육경련,3210
발혈액순환,790
하지정맥류치료제,20
디오스민가격,570
징코햇살,50
청소년성장기영양제,60
박카스D100병,660
글루콤온누리,40
구론산효과,1780
스트레스진단,110
20대남자생일선물,12510
뇌경색에좋은약초,30
두피영양제,6790
남자친구기념일선물,1420
솔라레이,610
혈압조절,310
홍잠효능,50
수험생영양제,11810
수험생건강식품,10
HX106,60
수험생영양제추천,650
직장동료선물,1150
학생영양제,150
군인선물,3870
수능생영양제,60
고3수험생영양제,360
3만원선물,970
취준생선물,660
공무원시험선물,220
고등학생영양제,2190
수능응원선물,910
뇌출혈좋은음식,360
고3비타민,340
수능합격선물,100
황금알오리난황유정,40
고딩영양제,60
대치동수험생영양제,60
수험생비타민추천,60
수험생집중력,70
압란정,40
반테린,1240
관상동맥질환,3300
무기력증극복,5630
청소년종합영양제,970
청소년영양제추천,600
천마추출물,30
청한농장,230
한국은행나무연구소,260
은행식초효능,1170
동맥경화에좋은음식,1080
살기싫다,1260
진정효과,150
라이트테라피,800
허무,2260
천마영양제,20
정맥순환제,1350
심근경색에좋은음식,640
수험생종합비타민,150
대표님생일선물,310
하지정맥치료제,20
고등학생비타민,760
추석세일,630
사장님추석선물,50
타브카에너지드링크,10
어바틀오브네이처,20
베러맨,220
박카스맛젤리,780
루티닛,10
강해져야할때,20
ONNIT,0
GU에너지,30
추석선물세트홍삼,100
커클랜드,17190
참샘식품,0
고흥유자판매,0
국내산석류,20
석류꽃향,10
남편선물,2710
뇌보,670
엘더베리효능,950
직장인선물,1530
머리아플때,14680
시니어,17330
노인건강,470
직장상사선물,2180
자노탁트,950
우울증에좋은영양제,630
추석특가,470
ADHD영양제,680
4라이프,940
면역건강기능식품,10
타브카,510
과라나음료,990
30대남자생일선물,15270
수면보조식품,20
헤어영양제,2570
수능대박선물,20
수능응원,1340
합격기원,2440
혈액순환에좋은음식,7930
트레서피오플러스,260
어른추석선물,260
